Id,SalePrice
1461,5.7482018e+17
1462,2.1894664e+24
1463,3.9035956e+18
1464,4.0056443e+18
1465,5.922165e+23
1466,1.7340793e+16
1467,1.1236911e+22
1468,3.9519115e+16
1469,1.0852381e+24
1470,5.756958e+17
1471,3.6240745e+25
1472,1090809560000.0
1473,4155406300000.0
1474,3.357607e+17
1475,1.5326338e+17
1476,3.2092506e+28
1477,4.915616e+27
1478,9.632179e+29
1479,5.710019e+31
1480,inf
1481,4.165219e+29
1482,1.2777922e+25
1483,2.2239454e+24
1484,5.8913793e+21
1485,57420230000.0
1486,3.3363103e+17
1487,1.0855016e+29
1488,2.713265e+28
1489,6.9568815e+22
1490,2.8523175e+26
1491,1.9112393e+17
1492,5.8807886e+16
1493,4.473404e+22
1494,1.7357466e+23
1495,3.3752524e+25
1496,6.1543994e+26
1497,2.5981724e+17
1498,74005010000000.0
1499,74005010000000.0
1500,68053710000000.0
1501,1.3387662e+16
1502,6865509400000.0
1503,1.2797265e+29
1504,2.710573e+19
1505,7.004829e+26
1506,4.959323e+31
1507,7.0899045e+23
1508,8.526286e+22
1509,3350706700000000.0
1510,8.349643e+22
1511,3.8455913e+22
1512,9.617808e+26
1513,7665795700000.0
1514,1.25870024e+30
1515,5.305633e+21
1516,2.8175245e+16
1517,5.1393147e+20
1518,2.2315982e+28
1519,4.6870236e+26
1520,3.768836e+21
1521,3.151301e+22
1522,1.5004798e+23
1523,1.1083495e+17
1524,3.2375756e+17
1525,1.169964e+19
1526,2.0226737e+19
1527,18892678000000.0
1528,7.462711e+16
1529,1.2027609e+22
1530,2.2220217e+25
1531,1828801100000000.0
1532,2.9223757e+18
1533,3.9322282e+24
1534,1.0576025e+17
1535,8.8266075e+19
1536,3.8517665e+19
1537,451167050000000.0
1538,3.899696e+18
1539,16822230000.0
1540,1.6888325e+17
1541,5997529000000000.0
1542,2.3966209e+19
1543,1.7097996e+21
1544,9124929000000000.0
1545,68041900000000.0
1546,22624648000000.0
1547,1.3476622e+17
1548,2.3780845e+16
1549,4451116000000.0
1550,3.1655237e+18
1551,1.9531143e+21
1552,8.441956e+17
1553,2.08356e+16
1554,416269270000000.0
1555,4.839033e+25
1556,895027400000000.0
1557,3.3443208e+22
1558,48926830000000.0
1559,1630632400000000.0
1560,2.8293626e+17
1561,3.854024e+31
1562,3.1897416e+17
1563,3.1796217e+17
1564,1.6465417e+24
1565,3345649000000000.0
1566,6.024571e+25
1567,296861660000000.0
1568,2.5123874e+21
1569,1.0936384e+19
1570,432330100000000.0
1571,9066912000000000.0
1572,9.882853e+21
1573,1.2513209e+27
1574,1.512502e+23
1575,9.409965e+25
1576,9.593183e+18
1577,7.982679e+22
1578,691689650000000.0
1579,4.6779818e+17
1580,9.105187e+17
1581,7.66518e+19
1582,5.2129155e+17
1583,1.0915462e+34
1584,2.3086192e+20
1585,2.4318536e+17
1586,67200.8
1587,31364827000.0
1588,2.3049432e+22
1589,5810122000000000.0
1590,4.7071285e+19
1591,6.596436e+18
1592,1.0562017e+21
1593,2.6787663e+17
1594,128751.86
1595,9.25888e+17
1596,2.272688e+27
1597,1.3119138e+20
1598,223913430000.0
1599,2.6476614e+19
1600,2.9245228e+22
1601,537046120000.0
1602,129704100000000.0
1603,6614947000000000.0
1604,2.4561914e+28
1605,3.5283444e+20
1606,1.3616238e+23
1607,3.953016e+33
1608,4.0212423e+24
1609,6.079346e+22
1610,48526560000.0
1611,3.5133552e+20
1612,7.1671937e+25
1613,3.8948464e+24
1614,4.9435186e+18
1615,7004205000000.0
1616,7004205000000.0
1617,7621563000000.0
1618,3.2153472e+17
1619,1.2637774e+17
1620,6.9669205e+22
1621,137016800000000.0
1622,3.766112e+17
1623,4.290033e+29
1624,7.960143e+21
1625,6.225515e+17
1626,8.338229e+25
1627,7.54487e+18
1628,1.0174954e+20
1629,60741743000.0
1630,2.5926147e+37
1631,6.4231614e+25
1632,1.9492583e+28
1633,56635347000.0
1634,9.640433e+18
1635,2566764300000000.0
1636,1.7410178e+22
1637,2.6473614e+21
1638,2.076602e+17
1639,7.174197e+25
1640,2.9071014e+20
1641,4.980342e+21
1642,4.877415e+18
1643,4.3706396e+20
1644,2.4376146e+19
1645,4.144185e+28
1646,1.8439165e+21
1647,1.5485168e+22
1648,1.4625647e+22
1649,1.34054745e+20
1650,3.1382292e+17
1651,3.1467164e+17
1652,1096719700000.0
1653,1093759660000.0
1654,6.3042093e+16
1655,2.7880427e+20
1656,3.375805e+17
1657,6.3383543e+16
1658,3.384935e+17
1659,1.5367847e+17
1660,3.7020567e+17
1661,1.7824148e+31
1662,1.9492926e+25
1663,5.0250497e+34
1664,inf
1665,3.4957795e+30
1666,1.4787226e+31
1667,1.981185e+27
1668,3.872517e+30
1669,1.4074991e+27
1670,1.2716496e+31
1671,5.8875195e+30
1672,inf
1673,1.221948e+21
1674,3.0175043e+28
1675,6.9962234e+24
1676,1.2123063e+24
1677,5.9365306e+24
1678,inf
1679,1.9408457e+37
1680,4.7406593e+32
1681,2.1759134e+26
1682,1.3892527e+30
1683,3.740627e+25
1684,5771904500000000.0
1685,9334160000000000.0
1686,7.362072e+22
1687,57420230000.0
1688,6.5191096e+17
1689,3.0921222e+17
1690,3.5213047e+16
1691,2035192400000000.0
1692,9.275778e+17
1693,57420230000.0
1694,4.7666243e+16
1695,57630350000.0
1696,2.605474e+22
1697,57630350000.0
1698,3.4842166e+26
1699,5.0824995e+34
1700,6.1839855e+20
1701,2.2295153e+22
1702,8.233624e+29
1703,5.260368e+28
1704,1.0052091e+30
1705,7.3967367e+25
1706,inf
1707,1.0780349e+26
1708,3.4268097e+25
1709,3.3624303e+27
1710,1.3991252e+25
1711,2.395596e+18
1712,8.526488e+31
1713,1.690699e+29
1714,5.4900456e+27
1715,1.0086096e+17
1716,7.0728005e+22
1717,5.262376e+21
1718,7.188756e+21
1719,2.289322e+17
1720,1.6491026e+27
1721,2.106542e+21
1722,1.4796067e+21
1723,1.6909245e+21
1724,1.870353e+26
1725,3.3348358e+18
1726,1.0392298e+17
1727,2.7966123e+24
1728,1.3701013e+16
1729,860716500000000.0
1730,153780.3
1731,1.6898266e+19
1732,3.3767325e+17
1733,3.1200378e+17
1734,6.7780846e+19
1735,1.5819735e+18
1736,1.5777067e+18
1737,3.451924e+34
1738,2.332083e+19
1739,2.516267e+25
1740,1.720623e+30
1741,5.68183e+21
1742,1.3387662e+16
1743,1648205500000000.0
1744,6.540223e+29
1745,2.889647e+30
1746,108238850000.0
1747,1.4269807e+16
1748,6.183507e+18
1749,5.519054e+23
1750,5.0003133e+22
1751,2.8831114e+18
1752,3.1710335e+17
1753,6.945206e+27
1754,1.3954718e+22
1755,9.377878e+22
1756,8.3971194e+17
1757,3.103218e+17
1758,1.365101e+20
1759,1.9828035e+20
1760,1.2635553e+24
1761,6.276038e+23
1762,8969557000000000.0
1763,4.5270674e+22
1764,7.8072687e+18
1765,3.3507306e+29
1766,1.5274345e+26
1767,6.112125e+27
1768,8.9122166e+21
1769,2.626633e+24
1770,2.1875155e+19
1771,2.731576e+22
1772,1.1757929e+25
1773,2.3161018e+22
1774,1.5280686e+32
1775,2.6725342e+20
1776,147844470000000.0
1777,2.7288597e+16
1778,8.4796615e+19
1779,99401.234
1780,1962039400000000.0
1781,2.512417e+22
1782,2.2482726e+16
1783,677532700000000.0
1784,55602565000.0
1785,1.7242019e+20
1786,1.371953e+24
1787,17535105000000.0
1788,59422660000.0
1789,2449466600000000.0
1790,81865160000000.0
1791,2.5068563e+23
1792,1.2382802e+25
1793,1.4270926e+20
1794,6.933923e+18
1795,1.14799274e+21
1796,22781942.0
1797,3.9159407e+16
1798,1.2072921e+20
1799,3557894300000000.0
1800,4572586700000.0
1801,1.1052125e+17
1802,4.361256e+17
1803,3.0287184e+16
1804,4.738962e+18
1805,1.543891e+20
1806,1.2917307e+18
1807,1.6290503e+19
1808,298915870.0
1809,1770295300000.0
1810,1177501700000000.0
1811,43808566000000.0
1812,3.6616194e+16
1813,1.413868e+16
1814,2.4778792e+17
1815,59621.496
1816,90878870000000.0
1817,616674700000000.0
1818,2.3790488e+18
1819,114768650000000.0
1820,74077610000000.0
1821,1.37117e+19
1822,7055610000000000.0
1823,206614660.0
1824,7.2366786e+19
1825,2129840500.0
1826,553664840000.0
1827,7.276952e+18
1828,6.7572983e+18
1829,4.3078067e+20
1830,1.9808684e+20
1831,748091700000000.0
1832,1.3362587e+20
1833,3468178300000000.0
1834,1072980950000.0
1835,7.276096e+19
1836,3.431841e+22
1837,1.9477532e+17
1838,1400389000000000.0
1839,10068545000000.0
1840,2.4554909e+22
1841,5.2570395e+21
1842,27460232000000.0
1843,1.7923116e+20
1844,495322230000.0
1845,12017373000000.0
1846,3.8097433e+21
1847,1.211202e+17
1848,56973.215
1849,103170.664
1850,3.5312528e+20
1851,8411185000000000.0
1852,6.02297e+20
1853,1.6593003e+20
1854,2.6897166e+20
1855,4673333000000.0
1856,7.856933e+20
1857,113068.04
1858,154253.69
1859,124734.41
1860,8.79391e+20
1861,123896.1
1862,2.3175512e+22
1863,2.3175512e+22
1864,2.3175512e+22
1865,8.339637e+27
1866,2.0385102e+30
1867,3.7827447e+26
1868,9.096572e+31
1869,5.998697e+23
1870,2.7859525e+23
1871,1.0315018e+27
1872,2324156300000000.0
1873,1.7596766e+26
1874,2.384838e+19
1875,2.6071097e+26
1876,4.5086862e+18
1877,8.997565e+25
1878,6.985883e+26
1879,1.3918964e+18
1880,1.9124655e+18
1881,1.0293444e+28
1882,6.7669526e+20
1883,2.620049e+17
1884,8.8123713e+18
1885,2.830466e+26
1886,5.242967e+31
1887,5.5153547e+25
1888,1.5493959e+28
1889,93874630000000.0
1890,4.6184093e+19
1891,11264412000000.0
1892,4.2180224e+17
1893,4.4945752e+20
1894,2.31437e+29
1895,5.367109e+21
1896,2751383700000000.0
1897,1.1395696e+17
1898,30204297000000.0
1899,7.425737e+16
1900,55877150000000.0
1901,1.7753314e+17
1902,3.023477e+23
1903,4.0415296e+18
1904,1.3077322e+21
1905,5.805549e+27
1906,3.184579e+20
1907,1.483107e+24
1908,3692724200000.0
1909,17634112000000.0
1910,17634112000000.0
1911,31891873000000.0
1912,2.7332459e+31
1913,1.295114e+16
1914,13640290000000.0
1915,2.648876e+28
1916,58418.26
1917,2.566772e+21
1918,1.3025872e+18
1919,9.886571e+18
1920,1.1668449e+28
1921,1.4768668e+37
1922,1.4216708e+29
1923,3643031500000000.0
1924,1.1105147e+29
1925,3.1798536e+18
1926,1.2164912e+34
1927,4.0780337e+19
1928,1.996574e+22
1929,3.2478038e+16
1930,43781517000.0
1931,1.109644e+17
1932,137936640000000.0
1933,3.0172787e+16
1934,3.9948402e+18
1935,1029836300000000.0
1936,4.0056443e+18
1937,2.8808683e+18
1938,4.4701335e+24
1939,2.5810785e+29
1940,5.922165e+23
1941,4.9382415e+18
1942,2.008478e+17
1943,4.0124162e+24
1944,2.2400353e+22
1945,5.075558e+32
1946,6.0582045e+28
1947,1.3409328e+30
1948,4.8242715e+26
1949,3.2337443e+29
1950,2.6714886e+23
1951,9.096482e+34
1952,1.1583273e+31
1953,4.558607e+22
1954,9022163000000000.0
1955,3221679000000000.0
1956,1.049277e+26
1957,1.1743906e+26
1958,2.0622411e+23
1959,1.3242411e+18
1960,3.2750034e+18
1961,3.4692402e+17
1962,1096719700000.0
1963,1093759660000.0
1964,145003720000000.0
1965,3.357607e+17
1966,2.6220027e+20
1967,1.7600544e+28
1968,inf
1969,4.7337407e+33
1970,2.1361307e+32
1971,1.1866186e+29
1972,8.875661e+25
1973,1.3058465e+19
1974,1.1120156e+22
1975,inf
1976,3.5037327e+28
1977,7.69788e+26
1978,1.104011e+31
1979,2.1409927e+32
1980,1.0447033e+25
1981,3.0150351e+31
1982,4.972282e+24
1983,4.972282e+24
1984,2.012918e+16
1985,5.741147e+25
1986,2.8651075e+25
1987,6.300018e+21
1988,4.078541e+16
1989,2.6160343e+17
1990,3.5955965e+17
1991,5.9365306e+24
1992,3.1483766e+19
1993,2802676600000000.0
1994,2.2490575e+20
1995,1.8809696e+17
1996,2.2310468e+22
1997,2.7818162e+27
1998,1.241431e+34
1999,5.1751588e+20
2000,2.6401832e+23
2001,9.692325e+20
2002,1.3912877e+28
2003,5.985876e+24
2004,1.5450745e+19
2005,2.654639e+26
2006,1.014742e+25
2007,2.4400645e+29
2008,6.919405e+22
2009,1.9985577e+17
2010,2.1812137e+17
2011,1.2784875e+22
2012,1.0477549e+22
2013,1.2727318e+16
2014,1.0633353e+18
2015,1.9222877e+17
2016,1.5128263e+17
2017,2.2394655e+17
2018,1.7915794e+19
2019,3.1200378e+17
2020,7.638377e+17
2021,3.136937e+17
2022,7.286451e+25
2023,4.194504e+19
2024,6.2364767e+18
2025,1.8033368e+32
2026,1.2210919e+23
2027,67306806000000.0
2028,1546681200000000.0
2029,9044425000000000.0
2030,5.2119904e+28
2031,1.8798499e+24
2032,7.4100663e+25
2033,7.5542073e+27
2034,860998900000000.0
2035,4.861475e+17
2036,1.51153e+19
2037,1.5212943e+19
2038,3.2770423e+19
2039,1.1343683e+23
2040,8.022199e+19
2041,8.2063265e+25
2042,1.1339506e+19
2043,6.497189e+25
2044,2.5305297e+30
2045,4.766072e+28
2046,4.6159475e+28
2047,5032118000000000.0
2048,1.7282829e+18
2049,1.4863512e+30
2050,1.467339e+17
2051,94367.43
2052,1.5429438e+21
2053,1.6270396e+21
2054,8789402000.0
2055,7.3900734e+23
2056,20341152000000.0
2057,1.0063474e+20
2058,1.578895e+21
2059,1.1401508e+22
2060,1.3470444e+23
2061,2.3129886e+25
2062,1.00404334e+21
2063,2495083000000000.0
2064,5.435722e+21
2065,1.8677153e+19
2066,4.2049815e+19
2067,116495.89
2068,3.6992593e+31
2069,80122.516
2070,6222138400000000.0
2071,413398720000000.0
2072,1.0807275e+18
2073,1.80707e+18
2074,1.4729355e+24
2075,5.1536457e+20
2076,4.9252953e+17
2077,1.7000458e+23
2078,7.6130185e+19
2079,1.6375274e+16
2080,3.8792356e+18
2081,2.743882e+17
2082,1.421629e+31
2083,1.679676e+16
2084,8.2225525e+16
2085,1.5859094e+21
2086,75732024.0
2087,2.2688725e+16
2088,677904950000000.0
2089,455768440000000.0
2090,3876981000000000.0
2091,8.375553e+16
2092,4.4003087e+16
2093,4.0466822e+18
2094,3.090803e+18
2095,7.997808e+17
2096,763922740000.0
2097,622455650000000.0
2098,1.6218382e+18
2099,45626503000.0
2100,258954130000.0
2101,3.7759497e+16
2102,134055370000000.0
2103,8485378600.0
2104,1.7776643e+19
2105,17711000000000.0
2106,2174764200000000.0
2107,1.7816948e+24
2108,1.7723152e+19
2109,3.5585766e+17
2110,3.814829e+19
2111,761988500000000.0
2112,7.7888e+19
2113,538933000000000.0
2114,10585126000000.0
2115,2.0733906e+19
2116,5.363151e+18
2117,1.040785e+17
2118,5643320000000000.0
2119,2.3555618e+19
2120,14305813000000.0
2121,
2122,1347182800000000.0
2123,85998.19
2124,3.496307e+19
2125,1.08650805e+21
2126,6.877568e+16
2127,1.2578269e+23
2128,3.885259e+16
2129,1.3461816e+16
2130,1.6703983e+16
2131,3.981235e+23
2132,5.7041004e+17
2133,1.2739586e+20
2134,1.3857175e+16
2135,292354700000.0
2136,4143709000000.0
2137,1.3904861e+20
2138,1.8037173e+19
2139,5.135882e+19
2140,2.3716288e+19
2141,405368960000.0
2142,3.6378192e+20
2143,2.7139578e+20
2144,6.948001e+23
2145,7.977914e+18
2146,2.552202e+19
2147,2.695642e+19
2148,26683480000000.0
2149,3.7907302e+17
2150,1.935808e+27
2151,21253120000000.0
2152,8.104729e+27
2153,8.525328e+26
2154,2.994017e+17
2155,116571550000000.0
2156,8.926331e+20
2157,2.815393e+28
2158,1.1609113e+17
2159,1036916100000000.0
2160,199399310000000.0
2161,5.353367e+28
2162,2.3784742e+38
2163,5.822791e+30
2164,3.947756e+25
2165,1.9227252e+22
2166,2.5810457e+19
2167,5.704428e+25
2168,5.3007875e+17
2169,3.6718023e+16
2170,5.076451e+18
2171,3.8879003e+17
2172,4.45127e+20
2173,4.2441372e+17
2174,3.344259e+23
2175,1.162875e+25
2176,1.2883879e+31
2177,4.919691e+21
2178,4.0496608e+17
2179,2.4384304e+17
2180,7.883607e+31
2181,1.4444148e+26
2182,8.7024714e+27
2183,6.143838e+24
2184,6.883593e+20
2185,446716300000.0
2186,2.7456465e+21
2187,1.039608e+20
2188,1117970500000000.0
2189,232895.05
2190,80497.65
2191,80497.65
2192,1.7348071e+16
2193,25747146000000.0
2194,88367.82
2195,1.3582328e+18
2196,97725596000.0
2197,4.979555e+18
2198,7.538327e+22
2199,1.1432456e+19
2200,231333730000000.0
2201,694656400000000.0
2202,4.992941e+16
2203,2.911668e+16
2204,5.38178e+18
2205,6.686192e+17
2206,7.0460266e+20
2207,111124770000000.0
2208,1.9918906e+17
2209,4.4694695e+32
2210,3692724200000.0
2211,8.668896e+17
2212,2838343400000000.0
2213,1.7767872e+16
2214,133388650000000.0
2215,2978510800000.0
2216,6.1609845e+21
2217,62741.695
2218,26099356.0
2219,11152054000.0
2220,28704506000000.0
2221,2.648876e+28
2222,2.227856e+28
2223,9.62154e+31
2224,2.9764016e+18
2225,137190.84
2226,2.8758664e+29
2227,5.1163767e+23
2228,2.0415497e+27
2229,4.3090185e+18
2230,16653731000.0
2231,6.402826e+16
2232,6.787087e+26
2233,2.134728e+23
2234,1.0271781e+26
2235,2.2282054e+29
2236,4.088107e+32
2237,6.845955e+33
2238,5.515331e+24
2239,7.10557e+20
2240,2.2983231e+22
2241,2.7721795e+22
2242,1.32271785e+20
2243,10680728000000.0
2244,3795314800000.0
2245,447553830000.0
2246,1.4250967e+21
2247,8328907300000.0
2248,6.565801e+16
2249,1.7404355e+17
2250,3.6209364e+17
2251,912662830000000.0
2252,1.4367447e+28
2253,51263060000.0
2254,73046520000.0
2255,3.7581346e+18
2256,1686294200000000.0
2257,7.259652e+18
2258,1.2388595e+22
2259,1.8544597e+18
2260,9.189519e+23
2261,1.2607423e+22
2262,1.77548e+24
2263,1.2025132e+22
2264,inf
2265,1.1755843e+21
2266,4.9155627e+28
2267,3.6420025e+37
2268,5.1445185e+30
2269,5.4562947e+23
2270,4928241000000000.0
2271,2.3815386e+27
2272,3.5336708e+16
2273,6.642479e+21
2274,2.3853706e+23
2275,4.5684046e+28
2276,9.1803e+22
2277,7.99541e+20
2278,3.14936e+18
2279,1.724621e+18
2280,1.526706e+18
2281,3.409869e+24
2282,3.2694354e+25
2283,4606139000000.0
2284,649432800000000.0
2285,2.9683088e+20
2286,2.0668837e+19
2287,2.163644e+31
2288,7.655342e+29
2289,8.865825e+35
2290,3.444175e+33
2291,3.1421406e+21
2292,2.324294e+34
2293,inf
2294,1.6287921e+30
2295,inf
2296,1.9367026e+28
2297,4.8117174e+18
2298,3.2165971e+31
2299,1.6737397e+30
2300,3.1882808e+24
2301,2.0469993e+18
2302,4.6694325e+28
2303,1.7527396e+30
2304,1.4365117e+24
2305,1.0828726e+24
2306,1.0828726e+24
2307,8.0061083e+24
2308,6.3111984e+27
2309,1.5066722e+28
2310,2.710487e+24
2311,3.740627e+25
2312,1.9831021e+16
2313,2.041001e+16
2314,105196780000000.0
2315,7419419600000000.0
2316,2279655400000000.0
2317,2.379038e+24
2318,1.190778e+16
2319,5803167000000000.0
2320,1.7847209e+23
2321,4.8826447e+25
2322,3.4894917e+23
2323,1.8512144e+17
2324,57420230000.0
2325,1.3049656e+27
2326,57617486000.0
2327,3.5539638e+17
2328,4.5429542e+17
2329,2.8635134e+18
2330,6.7107e+18
2331,1.6615707e+31
2332,8.961599e+25
2333,3.7013938e+25
2334,6.5197915e+20
2335,2.27308e+21
2336,4.2831054e+24
2337,1.1236199e+25
2338,4.570372e+27
2339,2.3028135e+27
2340,8.9497463e+33
2341,2.3375611e+27
2342,3.670324e+27
2343,7.582237e+26
2344,3.5545098e+19
2345,1.642865e+24
2346,4.3568656e+24
2347,3.5620795e+24
2348,1.9401089e+18
2349,4399920200000000.0
2350,1.547918e+19
2351,1.2456683e+28
2352,5.6521075e+29
2353,1.3219019e+22
2354,1.0230967e+21
2355,4.80602e+21
2356,8.8076075e+20
2357,2.5095677e+26
2358,5.3231378e+17
2359,165149010000000.0
2360,8.9561276e+17
2361,1.297926e+20
2362,1.157978e+23
2363,1.1922713e+20
2364,1.665388e+20
2365,1.6642934e+25
2366,5.693329e+21
2367,1.5059302e+27
2368,6.317909e+24
2369,5.5151084e+27
2370,8912325000000000.0
2371,1.364031e+16
2372,4.023237e+24
2373,4.0663385e+20
2374,1.1302649e+23
2375,8.263914e+26
2376,2.1557466e+34
2377,inf
2378,2.059335e+18
2379,7.357822e+19
2380,1.5504827e+19
2381,7.7388235e+23
2382,3.0731258e+21
2383,2.1284154e+28
2384,8.361337e+21
2385,8.3108034e+20
2386,1.9547607e+20
2387,5.842291e+18
2388,106891.625
2389,9.67768e+17
2390,3.7281615e+17
2391,9.827385e+18
2392,8.553988e+17
2393,1.4166798e+22
2394,1.4854592e+20
2395,2.890499e+17
2396,2.928328e+21
2397,1.7139656e+28
2398,7.951351e+16
2399,287648100000000.0
2400,14600193000.0
2401,4.6863204e+16
2402,4.2612588e+20
2403,5.6306245e+27
2404,3.5503578e+16
2405,5.7281657e+22
2406,3.8536898e+18
2407,3.9478946e+19
2408,1.9846955e+20
2409,3.908608e+21
2410,2.8490304e+24
2411,2.1804746e+18
2412,3.1050734e+22
2413,4.3670446e+22
2414,3.3371374e+17
2415,5.0638443e+27
2416,6.1662184e+18
2417,1.2696407e+20
2418,2.4059907e+18
2419,1.8356153e+22
2420,2.2444442e+18
2421,1.1031635e+21
2422,2.3012311e+18
2423,1.9952297e+18
2424,5.0815763e+22
2425,864592960000000.0
2426,4.499467e+21
2427,4118501000000000.0
2428,4572192000000000.0
2429,2.0403573e+18
2430,6.807984e+18
2431,3.396524e+17
2432,1.17044235e+20
2433,9.338925e+21
2434,1.0633664e+23
2435,1.0069374e+25
2436,93077.15
2437,3.1284755e+17
2438,9.313646e+17
2439,1.9820218e+17
2440,2.055198e+17
2441,5.77315e+19
2442,8.9928325e+18
2443,5.238229e+16
2444,674543740000000.0
2445,14197462000000.0
2446,3.891898e+20
2447,4906126000000000.0
2448,4239731600000000.0
2449,83188630000000.0
2450,3.202655e+18
2451,903483350000000.0
2452,1.1650726e+17
2453,84396.23
2454,91980.4
2455,8152991000000000.0
2456,1.6770527e+18
2457,3471659400000000.0
2458,53707940000000.0
2459,5.7693134e+17
2460,3.7402984e+17
2461,554748180000000.0
2462,1.0285545e+19
2463,9467742000000000.0
2464,1.2200941e+21
2465,1.5787045e+16
2466,7831926000000000.0
2467,715117760000000.0
2468,32332245000000.0
2469,9.851183e+18
2470,9125519000000000.0
2471,2.1653813e+19
2472,4.6428974e+21
2473,5.2572865e+16
2474,1.3057199e+16
2475,6.5649354e+19
2476,552448420000000.0
2477,2.5081892e+18
2478,4.7401182e+25
2479,3.5793011e+19
2480,1.6826478e+19
2481,1.1927899e+20
2482,1.4065734e+16
2483,4.795608e+17
2484,4.9209786e+18
2485,1.5948495e+18
2486,1.02490245e+23
2487,794133950000000.0
2488,877826560000000.0
2489,1.3022997e+19
2490,6.2664144e+21
2491,89483.516
2492,2.5409082e+22
2493,92197780000.0
2494,4.399143e+20
2495,937789600000.0
2496,7.9740094e+23
2497,2.6824708e+19
2498,3.0948366e+17
2499,84205.84
2500,1.1452233e+20
2501,3.0203774e+24
2502,4.9863275e+20
2503,5.27811e+18
2504,1.628878e+21
2505,3.589647e+16
2506,1.379098e+29
2507,2.5890654e+36
2508,1.379098e+29
2509,4.718294e+27
2510,7.0796715e+26
2511,3.971648e+23
2512,9.9287446e+17
2513,5.1598563e+18
2514,1.902839e+19
2515,7.590225e+19
2516,219162770000000.0
2517,2.384838e+19
2518,8.835336e+20
2519,3.8143637e+19
2520,4.0357506e+17
2521,3.054979e+17
2522,3.427296e+19
2523,3.5297928e+17
2524,5.60356e+19
2525,2.8666733e+19
2526,1.329882e+20
2527,4.9287536e+17
2528,3.5231067e+17
2529,3.4786363e+17
2530,35643650000.0
2531,3.11017e+29
2532,2.9067782e+19
2533,5.1164392e+17
2534,6.6084295e+27
2535,3.7879598e+27
2536,5.456778e+17
2537,4.8219486e+24
2538,8154360000000000.0
2539,1.327957e+22
2540,2.7298077e+24
2541,8169866000000000.0
2542,1.8512632e+16
2543,3.5911842e+18
2544,5.857293e+20
2545,1.2240596e+18
2546,1.517454e+22
2547,1.0116778e+19
2548,154490.3
2549,5717601000000000.0
2550,inf
2551,11264412000000.0
2552,7.8921306e+18
2553,80497.65
2554,1.8981947e+22
2555,338269640000000.0
2556,1.0948557e+16
2557,3.0135535e+17
2558,7.988075e+23
2559,5.093787e+23
2560,280541340000000.0
2561,5534508400000.0
2562,32996930000000.0
2563,983569250000000.0
2564,3.0826063e+17
2565,107525.52
2566,3.033173e+18
2567,3872620600000000.0
2568,5.7375625e+27
2569,5.0647502e+26
2570,3707467000000.0
2571,2.8991078e+29
2572,5.4822798e+19
2573,6.2438193e+29
2574,2736063200.0
2575,3191843600000000.0
2576,3.553085e+18
2577,
2578,5.5679037e+16
2579,63862.37
2580,7.4463386e+18
2581,3.475869e+20
2582,1.2143433e+17
2583,1.2166918e+28
2584,4.2436883e+19
2585,1.1011608e+26
2586,4.363671e+25
2587,1.9027658e+26
2588,2.6819769e+17
2589,1.3975421e+19
2590,9.110614e+26
2591,49995750000000.0
2592,5.420711e+29
2593,4.846094e+27
2594,3.1547787e+23
2595,3.9693765e+23
2596,1.648378e+33
2597,6.04421e+26
2598,3.9998025e+21
2599,7.444599e+31
2600,133456.75
2601,2.7759417e+18
2602,7621563000000.0
2603,4308084700000.0
2604,7004205000000.0
2605,7704390000000.0
2606,2.6443293e+18
2607,1.4388417e+23
2608,8.896727e+21
2609,2991947200000000.0
2610,2.992816e+16
2611,1.8542611e+25
2612,7.3506156e+20
2613,6.565801e+16
2614,3.3436107e+17
2615,1.4629106e+22
2616,4.3739237e+19
2617,4.0325255e+28
2618,6.854721e+29
2619,1.15401e+32
2620,8.948953e+16
2621,3.1963782e+16
2622,1.25910505e+17
2623,8.0132414e+20
2624,9.9176375e+29
2625,2.0232304e+35
2626,8.577729e+21
2627,2.9203533e+22
2628,5.8714234e+25
2629,5.98294e+27
2630,2.119649e+21
2631,2.3192431e+32
2632,4.4904914e+25
2633,1.5262262e+30
2634,1.2567974e+33
2635,2.6523924e+19
2636,8.528481e+18
2637,2.0637568e+20
2638,1.7439065e+19
2639,914429740000000.0
2640,1.1896776e+21
2641,3.1563825e+17
2642,5.257434e+26
2643,4985108600000.0
2644,1.4898712e+16
2645,1600350700000.0
2646,1080761300000.0
2647,4593706600000.0
2648,3.791951e+20
2649,5.2097577e+18
2650,2.4161472e+20
2651,3.3667e+17
2652,4.8278897e+30
2653,5.875219e+28
2654,1.7353223e+30
2655,2.967738e+32
2656,1.7042126e+21
2657,4.6464757e+28
2658,7.71462e+22
2659,4.9255285e+20
2660,3.1997268e+27
2661,2.2899758e+31
2662,1.5239987e+31
2663,8.633356e+25
2664,8.507756e+27
2665,6.445067e+29
2666,3.0345785e+29
2667,5235310000000000.0
2668,8172358500000000.0
2669,2.3854721e+24
2670,4.559994e+20
2671,8172358500000000.0
2672,7.715091e+22
2673,1.1198201e+25
2674,1.0301559e+25
2675,5.310371e+21
2676,3.309804e+17
2677,2.8530583e+19
2678,2.2699678e+20
2679,3.041066e+20
2680,1.5938492e+22
2681,6.916388e+27
2682,7.9839053e+24
2683,5.1017195e+30
2684,1.3056656e+24
2685,1.2509322e+24
2686,1.85208e+21
2687,3.4089283e+29
2688,1.1698796e+27
2689,5.7495576e+23
2690,1.009019e+35
2691,4.3588283e+17
2692,4.2033818e+21
2693,3.1775368e+25
2694,2.9011094e+21
2695,1.4337043e+18
2696,3.8980114e+16
2697,7.081264e+18
2698,2.0275386e+17
2699,2.587205e+25
2700,5.8113175e+22
2701,225605390000000.0
2702,2.212879e+19
2703,141858.6
2704,3.765839e+17
2705,1.8012967e+19
2706,5.881352e+17
2707,2.6536768e+18
2708,6.93681e+19
2709,1.4656671e+18
2710,1.6134459e+18
2711,4.7836717e+30
2712,6.251072e+24
2713,5.599079e+21
2714,74730270000000.0
2715,1.3436985e+16
2716,6865509400000.0
2717,27718658000000.0
2718,9.981468e+27
2719,5.861386e+21
2720,3.0994908e+24
2721,1.8805491e+20
2722,1.5119617e+18
2723,1.654641e+19
2724,1.1407874e+17
2725,1.7282185e+20
2726,3.600147e+21
2727,2.0443582e+22
2728,5.576521e+19
2729,3309674400000000.0
2730,1.3017212e+23
2731,6.3409175e+16
2732,3.7585648e+18
2733,1.6526384e+23
2734,9.963578e+25
2735,2.062954e+20
2736,1879662200000000.0
2737,3.467205e+18
2738,1.1651725e+28
2739,1.4677355e+23
2740,4.8005914e+19
2741,1.3350781e+22
2742,2.2819243e+21
2743,2.3435258e+20
2744,2.1722836e+21
2745,1.7834182e+20
2746,3.905444e+19
2747,179351140.0
2748,2471676200.0
2749,3.568204e+19
2750,1.9855741e+20
2751,5.959494e+17
2752,5.2897004e+18
2753,6.0575992e+19
2754,5.0956664e+36
2755,2.84166e+16
2756,1453687800000000.0
2757,1678477400000000.0
2758,212032140000.0
2759,488543030000000.0
2760,4.31893e+20
2761,5.6663077e+20
2762,3.2702025e+21
2763,1.5692122e+24
2764,140889.06
2765,1.3578342e+26
2766,1.5617785e+18
2767,81527.67
2768,3.7983782e+27
2769,4.797704e+21
2770,1.8371965e+20
2771,3.1284755e+17
2772,6.5756623e+19
2773,2841387200000000.0
2774,4.306431e+22
2775,4.116267e+21
2776,2.2606219e+16
2777,2580912400000000.0
2778,2041195500000.0
2779,4.199193e+18
2780,8.96458e+19
2781,1.4425086e+17
2782,18241519000000.0
2783,3837444800000000.0
2784,8.4496287e+18
2785,7.6245445e+16
2786,825276200000.0
2787,1.5721537e+16
2788,2.5158048e+16
2789,9.124507e+22
2790,93709330000000.0
2791,8.518401e+18
2792,4.058356e+19
2793,2.450179e+17
2794,2753190000000000.0
2795,5429157600000000.0
2796,5.613243e+16
2797,2.4128962e+28
2798,41766644000000.0
2799,50978540000.0
2800,52473110000000.0
2801,1.8066783e+19
2802,5.1919953e+16
2803,1.0932833e+33
2804,121744.12
2805,89654.09
2806,9.410208e+16
2807,4.7807652e+20
2808,2.9068572e+20
2809,1.7606634e+18
2810,2.2631545e+20
2811,1.3822162e+22
2812,1.0159164e+19
2813,4.842007e+33
2814,2.6394714e+33
2815,3.6969763e+17
2816,1.860723e+32
2817,3.325095e+19
2818,2.2056197e+16
2819,255413470000.0
2820,1.0882989e+19
2821,3.689944e+16
2822,839777900000000.0
2823,9.890522e+31
2824,6.958821e+30
2825,116832.0
2826,2.0536418e+20
2827,3.973489e+19
2828,7.548696e+17
2829,5.0966077e+24
2830,1.841677e+24
2831,4.9127733e+22
2832,6.9984643e+31
2833,1.1753509e+28
2834,9.0400917e+18
2835,4.3144683e+28
2836,3.9111785e+16
2837,1.74027e+25
2838,1.057984e+21
2839,3.0322325e+16
2840,7.2420584e+25
2841,2.7989611e+17
2842,1.0769007e+19
2843,764498200000000.0
2844,3.7291327e+19
2845,3.2141824e+17
2846,1.6601524e+17
2847,2.3790748e+17
2848,6.1738157e+24
2849,8.072412e+17
2850,1.5246423e+21
2851,5.2277394e+20
2852,3.808797e+20
2853,5.64419e+18
2854,2.4318536e+17
2855,2.2560665e+25
2856,3.8385903e+17
2857,3.9291834e+16
2858,3.6742548e+24
2859,583041200000000.0
2860,1.4240084e+19
2861,1.177726e+22
2862,6.040514e+16
2863,1.9155319e+18
2864,9.881873e+21
2865,11264412000000.0
2866,2.015326e+19
2867,92172080000000.0
2868,1.27719245e+17
2869,6.8779234e+20
2870,7.181509e+18
2871,2.7853914e+17
2872,918828900000.0
2873,70600590000000.0
2874,2.3084078e+20
2875,2.3045671e+16
2876,137462840000000.0
2877,9845119000000000.0
2878,9.22767e+16
2879,2.4866977e+19
2880,8.8486084e+16
2881,7.905621e+16
2882,1.3176249e+18
2883,9.238145e+19
2884,262900540000000.0
2885,1724506500000000.0
2886,1.1879323e+22
2887,1.2926236e+19
2888,3.4858893e+17
2889,121036464000.0
2890,139617960000000.0
2891,1.3167313e+19
2892,63809.34
2893,354893200000000.0
2894,85459540.0
2895,1.271672e+28
2896,2.4561914e+28
2897,5.2852697e+28
2898,1.9625925e+29
2899,7.4465964e+26
2900,2.8412008e+21
2901,6.4985127e+28
2902,1.5087923e+25
2903,2.5787866e+30
2904,1.0795527e+32
2905,75414.79
2906,8.55878e+23
2907,737452800.0
2908,3.1893764e+17
2909,1.2581475e+29
2910,100551160000000.0
2911,7621563000000.0
2912,1.124827e+21
2913,7580476000000.0
2914,7004205000000.0
2915,7004205000000.0
2916,7580476000000.0
2917,6.2735215e+22
2918,1.6092293e+18
2919,5.516601e+19
